ques_id,expression,disease,disease_type,ques_eng,refer_if,ques_hi,is_required,images
1,age >= 1 && age <= 216,6.Congenital cataract,Defects at Birth,Grey or white cloudiness of the pupil (which is normally black),Yes,पुतली का ग्रे या सफ़ेद बादल (जो सामान्य रूप से काला होता है),Yes,"1.png,2.png"
2,age >= 1 && age <= 216,11.Vitamin A deficiency (Bitot spot),Deficiencies,For Bitot’s spot in the eyes (examine both eyes),Yes,आंखों में बिटोट के धब्बे के लिए (दोनों आंखों की जांच करें),Yes,1.png
3,age >= 1 && age <= 216,3.Cleft Lip & Palate ,Defects at Birth,Cleft Lip and Cleft Palate?,Yes,फांक होंठ और फांक तालु?,Yes,"1.png,2.png,3.png,4.png,5.png,6.png"
4,age >= 1 && age <= 216,19.Dental Conditions ,Child hood Diseases,"Check for White, opaque, dull, white band of de-min-eralized enamel especially upper front teeth",Yes,"व्हाइट, अपारदर्शी, सुस्त, डी-मिन-एरीलाइज्ड तामचीनी के सफेद बैंड की जाँच करें विशेष रूप से ऊपरी सामने के दांत",Yes,"1.jpeg,2.jpeg,3.jpeg,4.jpeg"
5,age >= 1 && age <= 216,19.Dental Conditions ,Child hood Diseases,"Check for Yellow or brown discolored area, break in continuity of tooth",Yes,"पीले या भूरे रंग के फीका पड़ा हुआ क्षेत्र के लिए जाँच करें, दांत की निरंतरता में टूट",Yes,"5.jpeg,6.jpeg,7.jpeg,8.jpeg"
6,age >= 1 && age <= 216,19.Dental Conditions ,Child hood Diseases,Look for Breakdown of teeth,Yes,दांतों का टूटना देखें,Yes,"9.jpeg,10.jpeg,11.jpeg,12.jpeg"
7,age >= 1 && age <= 216,19.Dental Conditions ,Child hood Diseases,"Look for white/brown areas, cavitations, swollen/bleeding/red gums",Yes,"सफेद / भूरे रंग के क्षेत्रों, छिद्रों, सूजे हुए / रक्तस्राव / लाल मसूड़ों की तलाश करें",Yes,"13.jpeg,14.jpeg"
8,age >= 1 && age <= 216,16.Otitis Media,Child hood Diseases,Is the child suffering from cold or fever?,Yes,क्या बच्चा सर्दी या बुखार से पीड़ित है?,Yes,
9,age >= 1 && age <= 216,16.Otitis Media,Child hood Diseases,Is there pain in the ear?,Yes,क्या कान में दर्द है?,Yes,
10,age >= 1 && age <= 216,16.Otitis Media,Child hood Diseases,Is there discharge from ear (or pus)?,Yes,"क्या कान (या मवाद) से निर्वहन होता है? यदि हाँ, तो कितने दिनों के लिए?",Yes,"1.png,2.png"
11,age >= 1 && age <= 216,16.Otitis Media,Child hood Diseases,"Does the child keep on rubbing the ear? In an infant, if there are no visible signs of ear discharge, ask parents is the child irritable or keeps on rubbing his/her ear?",Yes,"क्या बच्चा कान को रगड़ता रहता है? एक शिशु में, यदि कान के स्राव के कोई लक्षण दिखाई नहीं देते हैं, तो माता-पिता से पूछें कि क्या बच्चा चिड़चिड़ा है या उसके कान को रगड़ता रहता है?",Yes,
12,age >= 1 && age <= 216,16.Otitis Media,Child hood Diseases,Is there a feeling of blocked ear?,Yes,क्या अवरुद्ध कान की भावना है?,Yes,
13,age >= 1 && age <= 216,16.Otitis Media,Child hood Diseases,Does the child complain of reduced hearing?,Yes,क्या बच्चा कम सुनवाई की शिकायत करता है?,Yes,
14,age >= 1 && age <= 216,16.Otitis Media,Child hood Diseases,Is there pain behind the ears?,Yes,क्या कान के पीछे दर्द है?,Yes,
15,age >= 1 && age <= 216,16.Otitis Media,Child hood Diseases,Does the child have frequent throat infections?,Yes,क्या बच्चे को बार-बार गले में संक्रमण होता है?,Yes,
16,age >= 1 && age <= 216,14.Goitre ,Deficiencies,"Increased size or presence of visible swelling in the neck (in a normal child, the gland is non-palpable). Child is observed sideways. In case of suspicion ask the child to swallow and see the gland movement.",Yes,"गर्दन में दृश्यमान सूजन की वृद्धि हुई आकार या उपस्थिति (एक सामान्य बच्चे में, ग्रंथि गैर-स्पष्ट है)। बाल बग़ल में मनाया जाता है। संदेह के मामले में बच्चे को ग्रंथि आंदोलन को निगलने और देखने के लिए कहें।",Yes,"1.png,2.png,3.png"
17,age >= 1 && age <= 216,14.Goitre ,Deficiencies,Is the swelling painless (usually Goiter is painless)?,Yes,क्या सूजन दर्द रहित (आमतौर पर गोइटर दर्द रहित) है?,Yes,
18,age >= 1 && age <= 216,14.Goitre ,Deficiencies,Is there problem during swallowing?,Yes,क्या निगलने के दौरान समस्या है?,Yes,
19,age >= 1 && age <= 216,14.Goitre ,Deficiencies,Does the child have cough?,Yes,क्या बच्चे को खांसी है?,Yes,
20,age >= 1 && age <= 216,1.Neural tube defect,Defects at Birth,Swelling in Back or head?,Yes,सूजन कहाँ है? पीछे या सिर?,Yes,"1.png,2.png,3.png"
21,age >= 1 && age <= 216,1.Neural tube defect,Defects at Birth,Is there any discharge from the back?,Yes,क्या पीछे से कोई डिस्चार्ज होता है?,Yes,
22,age >= 1 && age <= 216,1.Neural tube defect,Defects at Birth,Can the child not move both the lower legs?,Yes,क्या बच्चा दोनों निचले पैरों को हिला सकता है?,Yes,
23,age >= 1 && age <= 216,1.Neural tube defect,Defects at Birth,Is there constant leakage of stools through the anal opening?,Yes,गुदा खोलने के माध्यम से मल का लगातार रिसाव होता है?,Yes,
24,age >= 1 && age <= 168,18.Reactive airway disease,Child hood Diseases,"Is child suffering from cough, cold and/or difficulty in breathing?",Yes,"क्या बच्चा खांसी, सर्दी और / या साँस लेने में कठिनाई से पीड़ित है? यदि हाँ, तो कब तक?",Yes,
25,age >= 1 && age <= 168,18.Reactive airway disease,Child hood Diseases,"Does the episode of cough, cold start after exposure to a triggering factor like dust, smoke, strong odor or perfume, stress, physical activity etc?",Yes,"क्या धूल, धुआं, तेज गंध या इत्र, तनाव, शारीरिक गतिविधि आदि जैसे ट्रिगरिंग कारक के संपर्क में आने के बाद खांसी, जुकाम शुरू हो जाता है?",Yes,
26,age >= 1 && age <= 168,18.Reactive airway disease,Child hood Diseases,Is there a family history of allergies?,Yes,क्या एलर्जी का पारिवारिक इतिहास है?,Yes,
27,age >= 1 && age <= 168,18.Reactive airway disease,Child hood Diseases,Decreased appetite/weight loss.,Yes,भूख में कमी / वजन में कमी।,Yes,
28,age >= 1 && age <= 168,18.Reactive airway disease,Child hood Diseases,Running nose,Yes,बहता नाक,Yes,
29,age >= 1 && age <= 72,8.Congenital heart diseases,Defects at Birth,Rapid or troubled breathing (shortness of breath),Yes,तेजी से या परेशान श्वास (सांस की तकलीफ),Yes,
30,age >= 1 && age <= 72,8.Congenital heart diseases,Defects at Birth,"Sweating around the head, especially during feeding",Yes,"सिर के चारों ओर पसीना, विशेष रूप से खिलाने के दौरान",Yes,
31,(age >= 1 && age <= 72) || (age > 72 && age <= 216),8.Congenital heart diseases,Defects at Birth,"Bluish discoloration of skin, nails, tongue, lips (cyanosis)",Yes,"त्वचा, नाखून, जीभ, होंठों का नीलापन (सायनोसिस)",Yes,"1.jpeg,2.jpg"
32,(age >= 1 && age <= 72) || (age > 72 && age <= 216),8.Congenital heart diseases,Defects at Birth,Pale extremities,Yes,पीले छोर,Yes,
33,(age >= 1 && age <= 72) || (age > 72 && age <= 216),8.Congenital heart diseases,Defects at Birth,"Swelling or puffiness in the face, hands, feet, legs, or areas around the eyes.",Yes,"चेहरे, हाथ, पैर, पैर, या आंखों के आसपास के क्षेत्रों में सूजन या सूजन।",Yes,
34,(age >= 1 && age <= 72) || (age > 72 && age <= 216),8.Congenital heart diseases,Defects at Birth,History of a sibling with heart disease,Yes,हृदय रोग के साथ एक भाई का इतिहास,Yes,
35,age >= 1 && age <= 72,8.Congenital heart diseases,Defects at Birth,Not able to suck mothers breast due to breathlessness. Typical feeding cycle suck-rest-suck.,Yes,सांस फूलने के कारण माताओं के स्तन चूसने में सक्षम नहीं। विशिष्ट खिला चक्र चूसना-बाकी-चूसना।,Yes,
36,(age >= 1 && age <= 72) || (age > 72 && age <= 216),8.Congenital heart diseases,Defects at Birth,Recurrent chest infections,Yes,आवर्तक छाती में संक्रमण,Yes,
37,age >= 1 && age <= 72,8.Congenital heart diseases,Defects at Birth,Breathlessness on reduced physical activity like playing,Yes,कम शारीरिक गतिविधि जैसे सांस लेने पर सांस फूलना,Yes,
38,(age >= 1 && age <= 72) || (age > 72 && age <= 216),8.Congenital heart diseases,Defects at Birth,History of fainting,Yes,बेहोशी का इतिहास,Yes,
39,age > 72 && age <= 216,8.Congenital heart diseases,Defects at Birth,Usually asymptomatic except in acute condition,Yes,आम तौर पर तीव्र स्थिति को छोड़कर स्पर्शोन्मुख,Yes,
40,age > 72 && age <= 216,8.Congenital heart diseases,Defects at Birth,History of rapid or troubled breathing (shortness of breath) during exertion,Yes,थकावट के दौरान तेजी से या परेशान श्वास (सांस की तकलीफ) का इतिहास,Yes,
41,age > 72 && age <= 216,8.Congenital heart diseases,Defects at Birth,Poor growth as compared to other students in his/her class,Yes,उसकी कक्षा में अन्य छात्रों की तुलना में खराब वृद्धि,Yes,
42,age > 72 && age <= 216,8.Congenital heart diseases,Defects at Birth,History of any joint pain especially fleeting joint pain involving the larger joints,Yes,किसी भी जोड़ों के दर्द का इतिहास विशेष रूप से बड़े जोड़ों को मिलाकर होने वाले जोड़ों के दर्द को दूर करता है,Yes,
43,age > 72 && age <= 216,8.Congenital heart diseases,Defects at Birth,"History of any palpitations, breathlessness during brisk walking, climbing of stairs or running during sports",Yes,"किसी भी धड़कन का इतिहास, तेज चलने के दौरान सांस फूलना, सीढ़ियों पर चढ़ना या खेल के दौरान दौड़ना",Yes,
44,age > 72 && age <= 216,8.Congenital heart diseases,Defects at Birth,Breathlessness on physical activity like playing,Yes,खेलने जैसी शारीरिक गतिविधि पर सांस फूलना,Yes,
45,age >= 60 && age <= 180,17.Rheumatic heart disease ,Child hood Diseases,Ask for history throat infection (pharyngitis),Yes,इतिहास गले के संक्रमण (ग्रसनीशोथ) के लिए पूछें,Yes,
46,age >= 60 && age <= 180,17.Rheumatic heart disease ,Child hood Diseases,"Is there history of fever, headache, pain in chest, abdominal pain, nausea and vomiting?",Yes,"क्या बुखार, सिरदर्द, छाती में दर्द, पेट में दर्द, मतली और उल्टी का इतिहास है?",Yes,
47,age >= 60 && age <= 180,17.Rheumatic heart disease ,Child hood Diseases,"Is there history of pain and swelling in the joints (especially large joints, fleeting joint pains)?",Yes,"क्या जोड़ों में दर्द और सूजन का इतिहास है (विशेषकर बड़े जोड़ों, क्षणभंगुर जोड़ों में दर्द)?",Yes,
48,age >= 60 && age <= 180,17.Rheumatic heart disease ,Child hood Diseases,Are there any trembling/ flinging movements in the hands?,Yes,क्या हाथों में कोई कंपकंपी / छटपटाहट है?,Yes,
49,age >= 60 && age <= 180,17.Rheumatic heart disease ,Child hood Diseases,"Ask for any palpitations, breathlessness on exertion, swelling (oedema), fainting spells (syncope)",Yes,"किसी भी धड़कन के लिए पूछें, सांस लेने में तकलीफ, सूजन (एडिमा), बेहोशी के मंत्र (सिंकोप)",Yes,
50,age >= 60 && age <= 180,17.Rheumatic heart disease ,Child hood Diseases,Redness at the back of throat (oral mucosa),Yes,गले के पीछे लाली (मौखिक श्लेष्मा),Yes,
51,age >= 60 && age <= 180,17.Rheumatic heart disease ,Child hood Diseases,"Red, raised, lattice-like rash, usually on the chest, back, and abdomen",Yes,"लाल, उठा हुआ, जाली जैसा दाने, आमतौर पर छाती, पीठ और पेट पर",Yes,
52,age >= 60 && age <= 180,17.Rheumatic heart disease ,Child hood Diseases,"Uncontrolled movements of arms, legs, or facial muscles",Yes,"हाथ, पैर या चेहरे की मांसपेशियों के अनियंत्रित आंदोलनों",Yes,
53,age >= 60 && age <= 180,17.Rheumatic heart disease ,Child hood Diseases,"Swollen, tender, red and extremely painful joints",Yes,"सूजे हुए, कोमल, लाल और बेहद दर्दनाक जोड़",Yes,
54,age >= 60 && age <= 180,17.Rheumatic heart disease ,Child hood Diseases,Weakness and shortness of breath,Yes,कमजोरी और सांस की तकलीफ,Yes,
55,age >= 60 && age <= 180,17.Rheumatic heart disease ,Child hood Diseases,Nodules over swollen joints,Yes,सूजन वाले जोड़ों पर नोड्यूल,Yes,
56,age >= 60 && age <= 180,17.Rheumatic heart disease ,Child hood Diseases,Fever,Yes,बुखार,Yes,
57,age >= 1 && age <= 216,4. Talipes (club foot) ,Defects at Birth,"Abnormal shape of the foot, Inward turning of the front of the foot",Yes,पैर का असामान्य आकार पैर के सामने की ओर मुड़ना,Yes,"1.png,2.png,3.png"
58,age >= 1 && age <= 216,4. Talipes (club foot) ,Defects at Birth,Downward-pointing toes,Yes,नीचे की ओर इशारा करते हुए पैर की उंगलियों,Yes,
59,age >= 1 && age <= 216,4. Talipes (club foot) ,Defects at Birth,Resting of the foot on its outer border,Yes,अपने बाहरी सीमा पर पैर को आराम करना,Yes,
60,age >= 1 && age <= 216,4. Talipes (club foot) ,Defects at Birth,Rigidity and other changes in the movements of the foot,Yes,पैर की चाल में कठोरता और अन्य परिवर्तन,Yes,
61,age >= 1 && age <= 216,4. Talipes (club foot) ,Defects at Birth,Toes cannot touch shin of same leg due to tightened Achilles tendon,Yes,तंग एच्लीस कण्डरा के कारण पैर एक ही पैर की पिंडली को छू नहीं सकते,Yes,
62,age >= 1 && age <= 216,5.Developmental dysplasia of the hip,Defects at Birth,Any shortening of leg,Yes,पैर की कोई कमी,Yes,7.jpeg
63,age >= 1 && age <= 216,5.Developmental dysplasia of the hip,Defects at Birth,Examine for asymmetrical thigh and gluteal (buttocks) skin folds in lying and standing positions.,Yes,झूठ और खड़े होने की स्थिति में विषम जांघ और लस (नितंब) त्वचा की परतों की जांच करें।,Yes,"2.jpeg,3.jpeg"
64,age >= 1 && age <= 216,5.Developmental dysplasia of the hip,Defects at Birth,"Measuring the length of leg at level of knee joint in lying down, with hip joint and knee joint flexed. -With infant on his back on a firm flat surface, pelvis stabilized and hips flexed to 90° with knees in flexion, the vertical level of knees is assessed.",Yes,"लेटने में घुटने के जोड़ के स्तर पर पैर की लंबाई को मापना, कूल्हे के जोड़ और घुटने के संयुक्त फ्लेक्स के साथ। -इसके साथ शिशु को उसकी पीठ पर एक सपाट सपाट सतह पर, श्रोणि को स्थिर और कूल्हों को फ्लेक्सियन में घुटनों के साथ 90 ° तक फ्लेक्स किया जाता है, घुटनों के ऊर्ध्वाधर स्तर का आकलन किया जाता है।",Yes,"4.jpeg,5.jpeg"
65,Age >= 3 && age <= 216,5.Developmental dysplasia of the hip,Defects at Birth,Examine the child in standing position for spinal curves. (Late Sign) Picture of a baby with swayback - note the curve in the lower back (yellow line),Yes,स्पाइनल कर्व्स के लिए खड़े होने की स्थिति में बच्चे की जांच करें। (लेट साइन) स्वैब के साथ एक बच्चे की तस्वीर - पीठ के निचले हिस्से (पीली रेखा) में वक्र पर ध्यान दें,Yes,6.jpeg
66,Age >= 3 && age <= 216,5.Developmental dysplasia of the hip,Defects at Birth,"Making the child walk for toe walking, limping or duck like walking.(Late Sign)",Yes,"बच्चे को पैर की अंगुली चलने के लिए चलना, लंगड़ा कर चलना या चलना पसंद है। (लेट साइन)",Yes,
67,age >= 1 && age <= 216,2.Downs Syndrome,Defects at Birth,The head may be smaller than normal and abnormally shaped.,Yes,सिर सामान्य और असामान्य रूप से आकार से छोटा हो सकता है।,Yes,"7.jpeg,8.jpeg,1.jpeg"
68,age >= 1 && age <= 216,2.Downs Syndrome,Defects at Birth,Upward slanting eyes and inner corner of the eyes may be rounded instead of pointed.,Yes,ऊपर की ओर झुकी हुई आँखें और आँखों के अंदरूनी कोने नुकीले की बजाय गोल हो सकते हैं।,Yes,"7.jpeg,8.jpeg,1.jpeg"
69,age >= 1 && age <= 216,2.Downs Syndrome,Defects at Birth,"Small ears, Flattened nose, Small mouth or Excess skin at the nape of the neck",Yes,छोटे कान,Yes,"7.jpeg,8.jpeg,1.jpeg"
70,age >= 1 && age <= 216,2.Downs Syndrome,Defects at Birth,Single crease in the palm of the hand (Simian Crease),Yes,हाथ की हथेली में सिंगल क्रीज (सिमीयन क्रीज),Yes,"9.jpeg,3.jpeg"
71,age >= 1 && age <= 216,2.Downs Syndrome,Defects at Birth,"Wide, short hands with short fingers",Yes,"छोटी उंगलियों के साथ चौड़े, छोटे हाथ",Yes,10.jpeg
72,age >= 1 && age <= 216,2.Downs Syndrome,Defects at Birth,Cleft in feet (Sandal shaped deformity),Yes,पैरों में दरार (चप्पल के आकार की विकृति),Yes,4.jpeg
73,age >= 1 && age <= 216,2.Downs Syndrome,Defects at Birth,Child will have both the legs extended and falling passively when laid on his/her back like a frog and the hands also helplessly on the bed with very little spontaneous movements of the limbs.,Yes,बच्चे के दोनों पैर विस्तारित होंगे और गिरने पर निष्क्रिय रूप से उसकी पीठ पर एक मेंढक की तरह और हाथों को भी बिस्तर पर असहाय रूप से अंगों के बहुत कम सहज आंदोलनों के साथ रखा जाएगा।,Yes,6.jpeg
74,age >= 2 && age <= 4,21.Vision impairment,Developmental delays and Disabilities,Does the child make eye contact? (Focus their eyes on the eyes of a care giver) (V),No,क्या बच्चा आंख से संपर्क करता है? (एक देखभाल दाता की आँखों पर ध्यान केंद्रित) (वी),Yes,
75,age > 4 && age <= 6,21.Vision impairment,Developmental delays and Disabilities,Does the child follow an object with his or her eyes? (without any visible squint) (V),No,क्या बच्चा अपनी आँखों से किसी वस्तु का अनुसरण करता है? (बिना किसी दृश्य के),Yes,
76,age > 6 && age <= 9,21.Vision impairment,Developmental delays and Disabilities,Does your baby watch TV or any toy without tilting his/her head? (V),No,क्या आपका बच्चा अपने सिर को झुकाए बिना टीवी या कोई खिलौना देखता है? (वी),Yes,
77,age > 9 && age <= 12,21.Vision impairment,Developmental delays and Disabilities,Does the child avoid bumping into objects while moving? (V),No,क्या बच्चा हिलते समय वस्तुओं से टकराता है? (वी),Yes,
78,age > 30 && age <= 72,21.Vision impairment,Developmental delays and Disabilities,Does your child have difficulty in seeing either during day/night ? (without spectacles) (V),No,क्या आपके बच्चे को दिन / रात में देखने में कठिनाई होती है? (चश्मे के बिना) (वी),Yes,
79,(age > 72 && age <= 120) || (age > 120 && age <= 216),21.Vision impairment,Developmental delays and Disabilities,"Does the child have difficulty in seeing, either during day or night? (without spectacles) (V)",Yes,"क्या बच्चे को देखने में कठिनाई होती है, या तो दिन या रात के दौरान? (चश्मे के बिना) (वी)",Yes,
80,age >= 2 && age <= 4,22.Hearing Impairment,Developmental delays and Disabilities,Does the child responds to your voice or startles with loud sounds or becomes alert to new sound by quietening or smiling? (H),No,क्या बच्चा आपकी आवाज़ पर प्रतिक्रिया करता है या ज़ोर से आवाज़ करता है या शांत होकर या मुस्कुराकर नई आवाज़ के प्रति सतर्क हो जाता है? (एच),Yes,
81,age > 4 && age <= 6,22.Hearing Impairment,Developmental delays and Disabilities,Does the child respond to mother’s speech by looking directly at her face? (H),No,क्या बच्चा सीधे अपने चेहरे को देखकर माँ के भाषण का जवाब देता है? (एच),Yes,
82,age > 6 && age <= 9,22.Hearing Impairment,Developmental delays and Disabilities,Does the child locate source of sounds? I.e. turns his head or eyes if you whisper from behind? (H),No,क्या बच्चा ध्वनियों के स्रोत का पता लगाता है? अर्थात। यदि आप पीछे से फुसफुसाए तो उसका सिर या आंखें मुड़ जाती हैं? (एच),Yes,
83,age > 30 && age <= 72,22.Hearing Impairment,Developmental delays and Disabilities,Does your child have difficulty in hearing? (without hearing aid? (H),No,क्या आपके बच्चे को सुनने में कठिनाई होती है? (बिना श्रवण सहायता के (एच),Yes,
84,(age > 72 && age <= 120) || (age > 120 && age <= 216),22.Hearing Impairment,Developmental delays and Disabilities,Does the child have difficulty in hearing? (without hearing aid)(H),Yes,क्या बच्चे को सुनने में कठिनाई होती है? (हियरिंग एड के बिना) (एच),Yes,
85,age >= 2 && age <= 4,26.Language  delay,Developmental delays and Disabilities,Does the child suck and swallow well during feeding i.e. without any choking? (Sp),No,क्या बच्चा दूध पिलाने के दौरान अच्छी तरह से चूसता और निगलता है यानी बिना किसी कोड़े के? (सपा),Yes,
86,age > 4 && age <= 6,26.Language  delay,Developmental delays and Disabilities,Does the child laugh aloud or make squealing sounds? (Sp),No,क्या बच्चा जोर से हंसता है या चिल्लाने की आवाज़ करता है? (सपा),Yes,
87,age > 6 && age <= 9,26.Language  delay,Developmental delays and Disabilities,Does the child utter consonant sounds like “p” “b” “m”? (Sp),No,"क्या बच्चे का व्यंजन ""p"" ""b"" ""m"" जैसा लगता है? (सपा)",Yes,
88,age > 9 && age <= 12,26.Language  delay,Developmental delays and Disabilities,"Does the child babble example- “ba”, “ba”, “da”, “ma”, “ma”? (Sp)",No,"क्या बच्चा बच्चा उदाहरण देता है- ""बा"", ""बा"", ""दा"", ""मा"", ""मा""? (सपा)",Yes,
89,age > 12 && age <= 15,26.Language  delay,Developmental delays and Disabilities,"Does the child say one meaning-ful word clearly like mama, dada? (Sp)",No,"क्या बच्चा एक अर्थ-पूर्ण शब्द स्पष्ट रूप से मामा, दादा की तरह कहता है? (सपा)",Yes,
90,age > 15 && age <= 18,26.Language  delay,Developmental delays and Disabilities,"Does the child say at least two words other than mama or dada like dog, cat, and ball even if it is not clear? (Sp)",No,"क्या बच्चा मामा या दादा के अलावा कम से कम दो शब्द कहता है जैसे कि कुत्ते, बिल्ली और गेंद भले ही स्पष्ट न हो? (सपा)",Yes,
91,age > 18 && age <= 24,26.Language  delay,Developmental delays and Disabilities,Does the child say at least five words consistently even if not clear? (Sp),No,क्या बच्चा स्पष्ट नहीं होने पर भी कम से कम पांच शब्द लगातार कहता है? (सपा),Yes,
92,age > 24 && age <= 30,26.Language  delay,Developmental delays and Disabilities,"Does the child join 2 words together like mama-milk, car-go? (2 words phrases) (Sp)",No,"क्या बच्चा मामा-दूध, कार-गो जैसे 2 शब्दों को एक साथ जोड़ता है? (2 शब्द वाक्यांश) (स्प)",Yes,
93,age > 30 && age <= 72,26.Language  delay,Developmental delays and Disabilities,Does the child have difficulty in speaking (as compared to other children of his/her age)? (Sp),No,क्या बच्चे को बोलने में कठिनाई होती है (उसकी उम्र के अन्य बच्चों की तुलना में)? (सपा),Yes,
94,age > 30 && age <= 72,26.Language  delay,Developmental delays and Disabilities,Is your child’s speech in any way different from other children of his/her age? (Sp),No,क्या आपके बच्चे का भाषण किसी भी तरह से उसकी / उसकी उम्र के अन्य बच्चों से अलग है? (सपा),Yes,
95,(age > 72 && age <= 120) || (age > 120 && age <= 216),26.Language  delay,Developmental delays and Disabilities,Does the child have any difficulty in speaking as compared to other children of his/her age? (Sp),Yes,क्या बच्चे को अपनी उम्र के अन्य बच्चों की तुलना में बोलने में कोई कठिनाई होती है? (सपा),Yes,
96,age >= 2 && age <= 4,24.Motor delay ,Developmental delays and Disabilities,Does the child move both arms and both legs freely & equally when awake or when excited? (GM),No,क्या बच्चा जागते समय या उत्तेजित होने पर दोनों हाथों और दोनों पैरों को स्वतंत्र और समान रूप से हिलाता है? (जीएम),Yes,
97,age >= 2 && age <= 4,24.Motor delay ,Developmental delays and Disabilities,Does the child raise his or her head momentarily when lying face down? (GM),No,क्या चेहरा लेट जाने पर बच्चा पल-पल अपना सिर उठाता है? (जीएम),Yes,
98,age >= 2 && age <= 4,24.Motor delay ,Developmental delays and Disabilities,Does the child keep his hands open and relaxed most of the time? (By 3 months) (FM),No,क्या बच्चा ज्यादातर समय अपने हाथों को खुला और तनावमुक्त रखता है? (3 महीने तक) (एफएम),Yes,
99,age > 4 && age <= 6,24.Motor delay ,Developmental delays and Disabilities,"Does the child hold head erect in sitting position without bobbing i.e. hold her head straight? (while sitting with support, head is held steadily) Refer if head flops or falls back on any one side when child is pulled to sitting position (GM)",No,"क्या बच्चा बबिंग के बिना बैठने की स्थिति में सिर सीधा रखता है यानी उसके सिर को सीधा रखता है? (समर्थन के साथ बैठने के दौरान, सिर को स्थिर रूप से रखा जाता है) यदि बच्चा फ्लॉप हो जाता है या किसी एक तरफ वापस गिर जाता है जब बच्चे को बैठने की स्थिति में खींच लिया जाता है (GM)",Yes,
100,age > 4 && age <= 6,24.Motor delay ,Developmental delays and Disabilities,Does the child reach out for an object persistently? (should use either hands but refer if prefer-ence for one hand only) Observe that grasp of the object is in the ulnar side of palm and there is lack of thumb involvement?,No,क्या बच्चा किसी वस्तु के लिए लगातार पहुंचता है? (दोनों हाथों का उपयोग करना चाहिए लेकिन यदि केवल एक हाथ के लिए पसंद करते हैं तो देखें) निरीक्षण करें कि वस्तु की मुट्ठी हथेली के निचले हिस्से में है और अंगूठे की भागीदारी का अभाव है?,Yes,
101,age > 6 && age <= 9,24.Motor delay ,Developmental delays and Disabilities,Does the child roll over or turn over in either direction? (GM),No,क्या बच्चा किसी भी दिशा में लुढ़कता या पलटता है? (जीएम),Yes,
102,age > 6 && age <= 9,24.Motor delay ,Developmental delays and Disabilities,Does the child grasp a small object by using his whole hand? (secures it in the center of palm) (FM),No,क्या बच्चा अपने पूरे हाथ का उपयोग करके किसी छोटी वस्तु को पकड़ लेता है? (हथेली के केंद्र में इसे सुरक्षित करता है) (FM),Yes,
103,age > 9 && age <= 12,24.Motor delay ,Developmental delays and Disabilities,Does the child sit without any support? (GM),No,क्या बच्चा बिना किसी सहारे के बैठता है? (जीएम),Yes,
104,age > 9 && age <= 12,24.Motor delay ,Developmental delays and Disabilities,Does the child transfer object from hand to hand? (FM),No,क्या बच्चा हाथ से हाथ में वस्तु स्थानांतरित करता है? (एफएम),Yes,
105,age > 12 && age <= 15,24.Motor delay ,Developmental delays and Disabilities,Does the child crawl on hands and knees? (GM),No,क्या बच्चा हाथों और घुटनों पर क्रॉल करता है? (जीएम),Yes,
106,age > 12 && age <= 15,24.Motor delay ,Developmental delays and Disabilities,"Does the child pickup small objects using thumb and index finger like peas, raisins (kismis) (FM)",No,"क्या बच्चा मटर, किशमिश (किसमिस) (एफएम) जैसी अंगूठे और तर्जनी का उपयोग करके छोटी वस्तुओं को उठाता है",Yes,
107,age > 15 && age <= 18,24.Motor delay ,Developmental delays and Disabilities,Does the child walk alone (GM),No,क्या बच्चा अकेला चलता है (जीएम),Yes,
108,age > 15 && age <= 18,24.Motor delay ,Developmental delays and Disabilities,Does the child play by putting small things or objects into a container? (Cup or Katori) (FM),No,क्या बच्चा एक कंटेनर में छोटी चीजों या वस्तुओं को रखकर खेलता है? (कप या कटोरी) (एफएम),Yes,
109,age > 15 && age <= 18,24.Motor delay ,Developmental delays and Disabilities,Does the child make gestures on verbal request like pointing to objects? (pointing the index finger when asked “Where is the ball” (FM),No,"क्या बच्चा मौखिक अनुरोध पर इशारों को वस्तुओं की ओर इशारा करता है? (इंडेक्स फिंगर को इंगित करते हुए जब पूछा गया कि ""गेंद कहां है"" (एफएम)",Yes,
110,age > 18 && age <= 24,24.Motor delay ,Developmental delays and Disabilities,Does the child walk steadily even while pulling a toy? (GM),No,क्या बच्चा खिलौना खींचते हुए भी लगातार चलता है? (जीएम),Yes,
111,age > 18 && age <= 24,24.Motor delay ,Developmental delays and Disabilities,Does the child scribble spontaneously (FM),No,क्या बच्चा अनायास (FM),Yes,
112,age > 24 && age <= 30,24.Motor delay ,Developmental delays and Disabilities,Does the child climb upstairs and downstairs? (GM),No,क्या बच्चा ऊपर और नीचे चढ़ता है? (जीएम),Yes,
113,age > 24 && age <= 30,24.Motor delay ,Developmental delays and Disabilities,Does the child feed self either with hand or spoon? (FM),No,क्या बच्चा स्वयं को हाथ या चम्मच से खिलाता है? (एफएम),Yes,
114,age > 30 && age <= 72,24.Motor delay ,Developmental delays and Disabilities,Does your child have stiffness or floppiness and/or reduced strength in his/her arms or legs? (GM),No,क्या आपके बच्चे में अकड़न या अकड़न है और / या उसकी बाहों या पैरों में ताकत कम हो गई है? (जीएम),Yes,
115,(age > 30 && age <= 72) || (age > 72 && age <= 120) || (age > 120 && age <= 216),24.Motor delay ,Developmental delays and Disabilities,"Compared with other children of his/her age, did the child have any delay in walking? (GM)",Yes,"उसकी / उसके उम्र के अन्य बच्चों की तुलना में, बच्चे को चलने में कोई देरी हुई? (जीएम)",Yes,
116,age >= 2 && age <= 4,25.Cognitive delay,Developmental delays and Disabilities,"Does the child coos or able to vocalize other than crying? Like “ooh”, “ng” (S)",No,"क्या बच्चा रोता है या रोने के अलावा अन्य स्वर मुखर कर पाता है? जैसे ""ऊह"", ""एनजी"" (एस)",Yes,
117,age >= 2 && age <= 4,25.Cognitive delay,Developmental delays and Disabilities,"Does the child give a social smile? (Reciprocal, responds to mother expression or smile i.e. smile back at you) (S)",No,"क्या बच्चा सामाजिक मुस्कान देता है? (पारस्परिक, माँ की अभिव्यक्ति या मुस्कुराहट पर प्रतिक्रिया देता है यानी आप पर मुस्कुराता है) (एस)",Yes,
118,age > 4 && age <= 6,25.Cognitive delay,Developmental delays and Disabilities,Does the child sucks on hands? (C),No,क्या बच्चा हाथों पर चूसता है? (सी),Yes,
119,age > 6 && age <= 9,25.Cognitive delay,Developmental delays and Disabilities,Does the child raises hands to be picked up by parents? (S),No,क्या बच्चा माता-पिता द्वारा उठाए जाने के लिए हाथ उठाता है? (एस),Yes,
120,age > 6 && age <= 9,25.Cognitive delay,Developmental delays and Disabilities,Does the child look for a spoon or toy that has dropped? (C+V),No,क्या बच्चा एक चम्मच या खिलौने की तलाश करता है जो गिरा है? (सी + V),Yes,
121,age > 9 && age <= 12,25.Cognitive delay,Developmental delays and Disabilities,Does the child respond to his or her name? (H&C),No,क्या बच्चा उसके नाम का जवाब देता है? (एच एंड सी),Yes,
122,age > 9 && age <= 12,25.Cognitive delay,Developmental delays and Disabilities,Does the child enjoy playing hide-and-seek (peek-a-boo)? (S),No,क्या बच्चे को लुका-छिपी खेलने में मजा आता है? (एस),Yes,
123,age > 12 && age <= 15,25.Cognitive delay,Developmental delays and Disabilities,Does the child imitate action like bye-bye/clap/kiss? (wave good bye or greet you) (S),No,अलविदा अलविदा की तरह बच्चे को नकल कार्रवाई / ताली / चुंबन करता है? (लहर अलविदा या आपको नमस्कार) (एस),Yes,
124,age > 12 && age <= 15,25.Cognitive delay,Developmental delays and Disabilities,Does the child cry when a stran-ger picks him up? Differentiates familiar faces from strangers (S&C),No,क्या बच्चा रोता है जब एक अजनबी-गेर उसे उठाता है? अजनबियों (एस एंड सी) से परिचित चेहरे को अलग करता है,Yes,
125,age > 12 && age <= 15,25.Cognitive delay,Developmental delays and Disabilities,Does the child search for completely hidden objects (C),No,क्या बच्चा पूरी तरह से छिपी हुई वस्तुओं की खोज करता है (C),Yes,
126,age > 15 && age <= 18,25.Cognitive delay,Developmental delays and Disabilities,Does the child manipulate or explore a toy with his/her finger like poking or pulling the toy (C),No,क्या बच्चा अपनी उंगली से किसी खिलौने में छेड़छाड़ करता है या उसका पता लगाता है जैसे खिलौना को पीना या खींचना (C),Yes,
127,age > 18 && age <= 24,25.Cognitive delay,Developmental delays and Disabilities,"Does the child imitate house hold tasks? (try to copy domestic chores like sweeping, washing clothes) (C)",No,"क्या बच्चा घर के कार्यों की नकल करता है? (कोशिश करें कि घरेलू काम जैसे कि कपड़े धोना, कपड़े धोना) (C)",Yes,
128,age > 24 && age <= 30,25.Cognitive delay,Developmental delays and Disabilities,Does the child paly along with other children? (S),No,क्या बच्चा अन्य बच्चों के साथ पालता है? (एस),Yes,
129,age > 24 && age <= 30,25.Cognitive delay,Developmental delays and Disabilities,Does the child enjoy simple pretend play like feeding a doll (C),No,क्या बच्चा गुड़िया (सी) खिलाने जैसा सरल नाटक करता है,Yes,
130,age > 30 && age <= 72,25.Cognitive delay,Developmental delays and Disabilities,"Compared to children of his age, does your child find it difficult to read or write or do simple calculations? (C)",No,"उसकी उम्र के बच्चों की तुलना में, क्या आपके बच्चे को पढ़ना या लिखना या सरल गणना करना मुश्किल लगता है? (सी)",Yes,
131,age > 30 && age <= 72,25.Cognitive delay,Developmental delays and Disabilities,"Compared with other children of his/her age, does your child have difficulty in sustaining attention on activities at school, home or play? (C)",No,"उसकी / उसकी उम्र के अन्य बच्चों की तुलना में, क्या आपके बच्चे को स्कूल, घर या खेलने की गतिविधियों पर ध्यान देने में कठिनाई होती है? (सी)",Yes,
132,age > 30 && age <= 72,25.Cognitive delay,Developmental delays and Disabilities,"As compared with other children of his/her age, does your child have difficulty in learining new things? (C)",No,"उसकी / उसकी उम्र के अन्य बच्चों की तुलना में, क्या आपके बच्चे को नई चीज़ों के बारे में बताने में कठिनाई होती है? (सी)",Yes,
133,(age > 72 && age <= 120) || (age > 120 && age <= 216),25.Cognitive delay,Developmental delays and Disabilities,"Compared with other children of his / her age, does the child have difficulty in learning new things? (C)",Yes,उसकी उम्र के अन्य बच्चों की तुलना में क्या बच्चे को नई चीजें सीखने में कठिनाई होती है? (सी),Yes,
134,age > 12 && age <= 15,25.Cognitive delay,Developmental delays and Disabilities,Does the child stops activity in response to “No” (H&C),No,"क्या बच्चा ""नहीं"" (एच एंड सी) के जवाब में गतिविधि बंद कर देता है",Yes,
135,age > 15 && age <= 18,25.Cognitive delay,Developmental delays and Disabilities,Does the child follow simple one step direction as for e.g. “sit down” (H&C),No,"क्या बच्चा सरल कदम की दिशा का अनुसरण करता है जैसे कि ""बैठ जाओ"" (एच एंड सी)",Yes,
136,age > 18 && age <= 24,25.Cognitive delay,Developmental delays and Disabilities,"Does the child point to 2 or more body parts? (e.g. show me your nose, child points to nose by using one finger)? (H&C)",No,"क्या बच्चा 2 या अधिक शरीर के अंगों की ओर इशारा करता है? (जैसे मुझे अपनी नाक दिखाओ, एक उंगली का इस्तेमाल करके बच्चा नाक से इशारा करता है)? (एच एंड सी)",Yes,
137,age > 15 && age <= 18,27.Behaviour disorder (Autism),Developmental delays and Disabilities,Does your child look in your eyes for more than a second or two (poor eye contact)?,No,क्या आपका बच्चा एक या दो से अधिक समय तक आपकी आंखों में दिखता है (खराब आंख से संपर्क)?,Yes,
138,age > 15 && age <= 18,27.Behaviour disorder (Autism),Developmental delays and Disabilities,Does your child ever use his/her index finger to point to ask for something?,No,क्या आपका बच्चा कभी कुछ मांगने के लिए अपनी तर्जनी उंगली का उपयोग करता है?,Yes,
139,age > 15 && age <= 18,27.Behaviour disorder (Autism),Developmental delays and Disabilities,Have you ever wondered that your child is deaf or is not responding to his/her name when you call (not communicating even through gestures)?,Yes,क्या आपने कभी सोचा है कि जब आप कॉल करते हैं तो आपका बच्चा बहरा होता है या उसके नाम का जवाब नहीं देता है (इशारों के माध्यम से भी संचार नहीं करता है)?,Yes,
140,age > 18 && age <= 24,27.Behaviour disorder (Autism),Developmental delays and Disabilities,Does your child take an interest in other children or play with other children?,No,क्या आपका बच्चा अन्य बच्चों में दिलचस्पी लेता है या अन्य बच्चों के साथ खेलता है?,Yes,
141,age > 18 && age <= 24,27.Behaviour disorder (Autism),Developmental delays and Disabilities,Does your child make unusual finger movements/ repetitive hand and body movements like finger Wriggling/ flapping/ spinning/ jumping? (Repeated purposeless motor activity),Yes,क्या आपका बच्चा असामान्य उंगली आंदोलनों / दोहराव वाले हाथ और शरीर की गतिविधियों को उंगली से छेड़छाड़ / फड़फड़ाता / कताई / कूदता है? (बार-बार उद्देश्यहीन मोटर गतिविधि),Yes,
142,age > 18 && age <= 24,27.Behaviour disorder (Autism),Developmental delays and Disabilities,Does your child ever pretend play (talk on phone/take care of dolls)?,No,क्या आपका बच्चा कभी खेलने का नाटक करता है (फोन पर बात करता है / गुड़िया का ख्याल रखता है)?,Yes,
143,(age > 72 && age <= 120) || (age > 120 && age <= 216),23.Neuro motor impairment,Developmental delays and Disabilities,"Does the child have stiffness or floppiness and/or reduced strength in his/her arms or legs? (GM, NMI)",Yes,"क्या बच्चे को उसकी / उसकी बाहों या पैरों में अकड़न या अकड़न और / या ताकत कम हो गई है? (जीएम, एनएमआई)",Yes,
144,(age > 72 && age <= 120) || (age > 120 && age <= 216),28.Learning disorder,Developmental delays and Disabilities,"Compared to his/her classmates, does the child find it difficult to read or write or to do simple calculations? (LD)",Yes,"अपने सहपाठियों की तुलना में, क्या बच्चे को पढ़ना या लिखना या सरल गणना करना मुश्किल लगता है? (एलडी)",Yes,
145,(age > 72 && age <= 120) || (age > 120 && age <= 216),29.Attention deficit hyperactivity disorder ,Developmental delays and Disabilities,"As compared to children of his/her age, does the child have difficulty in sustaining attention on activities at school, home or play? (ADHD)",Yes,"उसकी उम्र के बच्चों की तुलना में, क्या बच्चे को स्कूल, घर या खेलने की गतिविधियों पर ध्यान देने में कठिनाई होती है? (एडीएचडी)",Yes,
146,age > 0 && age <= 216,15.Skin conditions,Child hood Diseases,Is there a history of Itching on the skin (especially at night)?,Yes,क्या त्वचा पर खुजली का इतिहास है (विशेषकर रात में)?,Yes,1.jpeg
147,age > 0 && age <= 216,15.Skin conditions,Child hood Diseases,Does the child complain of pain from skin problem?,Yes,क्या बच्चा त्वचा की समस्या से दर्द की शिकायत करता है?,Yes,1.jpeg
148,age > 0 && age <= 216,15.Skin conditions,Child hood Diseases,Are there rashes (especially between the fingers)?,Yes,क्या चकत्ते हैं (विशेषकर उंगलियों के बीच)?,Yes,1.jpeg
149,age > 0 && age <= 216,15.Skin conditions,Child hood Diseases,Are there sores (abrasions) on the skin from scratching and digging?,Yes,वहाँ खरोंच और खुदाई से त्वचा पर घावों (abrasions) हैं?,Yes,1.jpeg
150,age > 0 && age <= 216,15.Skin conditions,Child hood Diseases,"Are there any thin, pencil-mark lines on the skin (indicative of burrows)?",Yes,"क्या त्वचा पर कोई पतली, पेंसिल-निशान वाली रेखाएं हैं (बिल्व का संकेत)?",Yes,1.jpeg
151,age > 0 && age <= 216,15.Skin conditions,Child hood Diseases,"Extensive warm, redness and swelling",Yes,"व्यापक गर्म, लालिमा और सूजन",Yes,1.jpeg
152,age > 0 && age <= 216,15.Skin conditions,Child hood Diseases,"Localized warm, tender swelling or redness",Yes,"स्थानीयकृत गर्म, निविदा सूजन या लालिमा",Yes,1.jpeg
153,age > 0 && age <= 216,15.Skin conditions,Child hood Diseases,Swelling or redness around the eyes,Yes,आंखों के आसपास सूजन या लालिमा,Yes,1.jpeg
154,age > 0 && age <= 216,15.Skin conditions,Child hood Diseases,Obvious wound with pus or crusts,Yes,मवाद या क्रस्ट्स के साथ स्पष्ट घाव,Yes,1.jpeg
155,age > 0 && age <= 216,15.Skin conditions,Child hood Diseases,"Small swellings on the skin of the hands, knees, elbows, feet, trunk",Yes,"हाथ, घुटने, कोहनी, पैर, सूंड की त्वचा पर छोटे-छोटे सूजन",Yes,1.jpeg
156,age > 0 && age <= 216,15.Skin conditions,Child hood Diseases,Round or oval scaly patches,Yes,गोल या अंडाकार पपड़ीदार पैच,Yes,1.jpeg
157,age > 0 && age <= 216,15.Skin conditions,Child hood Diseases,"Ask for any discharge from skin, itching, bleeding",Yes,"त्वचा से किसी भी निर्वहन, खुजली, रक्तस्राव के लिए पूछें",Yes,"2.jpeg,3.jpeg,4.jpeg,5.jpeg"
158,age > 0 && age <= 216,15.Skin conditions,Child hood Diseases,"Redness, skin oedema (swelling)",Yes,"लाली, त्वचा शोफ (सूजन)",Yes,"2.jpeg,3.jpeg,4.jpeg,5.jpeg"
159,age > 0 && age <= 216,15.Skin conditions,Child hood Diseases,Itching and dryness,Yes,खुजली और सूखापन,Yes,"2.jpeg,3.jpeg,4.jpeg,5.jpeg"
160,age > 0 && age <= 216,15.Skin conditions,Child hood Diseases,"Crusting, flaking, blistering",Yes,"क्रस्टिंग, फ्लेकिंग, ब्लिस्टरिंग",Yes,"2.jpeg,3.jpeg,4.jpeg,5.jpeg"
161,age > 0 && age <= 216,15.Skin conditions,Child hood Diseases,"Cracking, oozing or bleeding",Yes,"क्रैकिंग, ओज़िंग या रक्तस्राव",Yes,"2.jpeg,3.jpeg,4.jpeg,5.jpeg"
162,age > 0 && age <= 216,15.Skin conditions,Child hood Diseases,Burning sensation,Yes,जलन की अनुभूति,Yes,"6.jpeg,7.jpeg,8.jpeg,9.jpeg,10.jpeg,11.jpeg,12.jpeg,13.jpeg,14.jpeg"
163,age > 0 && age <= 216,15.Skin conditions,Child hood Diseases,"Any hair loss, as fungal infections of scalp can lead to hair loss",Yes,"किसी भी बाल झड़ने, खोपड़ी के फंगल संक्रमण के रूप में बालों के झड़ने का कारण बन सकता है",Yes,"6.jpeg,7.jpeg,8.jpeg,9.jpeg,10.jpeg,11.jpeg,12.jpeg,13.jpeg,14.jpeg"
164,age > 0 && age <= 216,15.Skin conditions,Child hood Diseases,Whether painful or not. Usually fungal infections are painless.,Yes,चाहे दर्द हो या न हो। आमतौर पर फंगल संक्रमण दर्द रहित होता है।,Yes,"6.jpeg,7.jpeg,8.jpeg,9.jpeg,10.jpeg,11.jpeg,12.jpeg,13.jpeg,14.jpeg"
165,age > 0 && age <= 216,15.Skin conditions,Child hood Diseases,Redness of skin,Yes,त्वचा की लालिमा,Yes,"6.jpeg,7.jpeg,8.jpeg,9.jpeg,10.jpeg,11.jpeg,12.jpeg,13.jpeg,14.jpeg"
166,age > 0 && age <= 216,15.Skin conditions,Child hood Diseases,Rashes,Yes,चकत्ते,Yes,"6.jpeg,7.jpeg,8.jpeg,9.jpeg,10.jpeg,11.jpeg,12.jpeg,13.jpeg,14.jpeg"
167,age > 0 && age <= 216,15.Skin conditions,Child hood Diseases,Discharge,Yes,मुक्ति,Yes,"6.jpeg,7.jpeg,8.jpeg,9.jpeg,10.jpeg,11.jpeg,12.jpeg,13.jpeg,14.jpeg"
168,age > 0 && age <= 216,15.Skin conditions,Child hood Diseases,Crusting/ scaling/ flaking,Yes,क्रस्टिंग / स्केलिंग / फ्लेकिंग,Yes,"6.jpeg,7.jpeg,8.jpeg,9.jpeg,10.jpeg,11.jpeg,12.jpeg,13.jpeg,14.jpeg"
169,age > 0 && age <= 216,15.Skin conditions,Child hood Diseases,"Creamy white lesions on tongue, inner cheeks and sometimes on the roof of mouth, gums and tonsils",Yes,"जीभ, भीतरी गाल और कभी-कभी मुंह, मसूड़ों और टॉन्सिल की छत पर मलाईदार सफेद घाव",Yes,"6.jpeg,7.jpeg,8.jpeg,9.jpeg,10.jpeg,11.jpeg,12.jpeg,13.jpeg,14.jpeg"
170,age > 0 && age <= 216,15.Skin conditions,Child hood Diseases,Lesions with a cottage cheese-like appearance,Yes,पनीर की तरह दिखने वाला लेसन,Yes,"6.jpeg,7.jpeg,8.jpeg,9.jpeg,10.jpeg,11.jpeg,12.jpeg,13.jpeg,14.jpeg"
171,age > 0 && age <= 216,20.Convulsive disorders,Child hood Diseases,Has the child experienced seizures?,Yes,क्या बच्चे को दौरे का अनुभव हुआ है?,Yes,
172,age > 0 && age <= 216,20.Convulsive disorders,Child hood Diseases,Did the child bite his/her tongue?,Yes,क्या बच्चा अपनी जीभ काटता है?,Yes,
173,age > 0 && age <= 216,20.Convulsive disorders,Child hood Diseases,Did the child turn blue?,Yes,क्या बच्चा नीला हो गया?,Yes,
174,age > 0 && age <= 216,20.Convulsive disorders,Child hood Diseases,Was it followed by a period of deep or noisy breathing?,Yes,क्या यह गहरी या शोर-शराबा की अवधि के बाद था?,Yes,
175,age > 0 && age <= 216,20.Convulsive disorders,Child hood Diseases,Did he/ she pass urine during the seizure?,Yes,क्या उसने दौरे के दौरान मूत्र त्याग किया था?,Yes,
176,age > 0 && age <= 216,20.Convulsive disorders,Child hood Diseases,Did the child experience rhythmic/ jerky movements of the hands?,Yes,क्या बच्चे ने हाथों की लयबद्ध / झटकेदार आंदोलनों का अनुभव किया?,Yes,
177,age > 0 && age <= 216,20.Convulsive disorders,Child hood Diseases,"Does the child experience ‘aura’? Some people with epilepsy have a strange sensation (such as tingling, smelling an odor that is not actually there, or emotional changes) before each seizu",Yes,"क्या बच्चा ura आभा ’का अनुभव करता है? मिर्गी के साथ कुछ लोगों में एक अजीब सनसनी होती है (जैसे झुनझुनी, एक गंध को सूंघना जो वास्तव में नहीं है, या भावनात्मक परिवर्तन) प्रत्येक सेज़ू से पहले",Yes,
178,age > 0 && age <= 216,20.Convulsive disorders,Child hood Diseases,Was the seizure caused by a short-term problem (like fever or infection) that can becorrected?,Yes,क्या जब्ती एक अल्पकालिक समस्या (जैसे बुखार या संक्रमण) के कारण हुई है जिसे ठीक किया जा सकता है?,Yes,
179,age > 6 && age <= 216,10.Severe Anaemia,Deficiencies,"Does the child have reduced appetite, gets easily fatigued, has weakness?",Yes,"क्या बच्चे ने भूख कम कर दी है, आसानी से थक जाता है, कमजोरी आ जाती है?",Yes,
180,age > 6 && age <= 216,10.Severe Anaemia,Deficiencies,Is the child irritable?,Yes,क्या बच्चा चिड़चिड़ा है?,Yes,
181,age > 6 && age <= 216,10.Severe Anaemia,Deficiencies,Does the child have shortness of breath?,Yes,क्या बच्चे में सांस की तकलीफ है?,Yes,
182,age > 6 && age <= 216,10.Severe Anaemia,Deficiencies,"Does the child have unusual food cravings, eats mud (pica)?",Yes,"क्या बच्चे को असामान्य भोजन cravings, कीचड़ (पिका) खाती है?",Yes,
183,age > 6 && age <= 216,10.Severe Anaemia,Deficiencies,History of irregular /scanty periods amongst adolescent girls.,Yes,किशोर लड़कियों के बीच अनियमित / डरावनी अवधि का इतिहास।,Yes,
184,age > 6 && age <= 216,10.Severe Anaemia,Deficiencies,Look for pale skin color (pallor),Yes,पीला त्वचा का रंग (पैलोर) देखें,Yes,"1.jpeg,2.jpeg"
185,age > 6 && age <= 216,10.Severe Anaemia,Deficiencies,Skin and Conjunctiva: Jaundice,Yes,त्वचा और कंजाक्तिवा: पीलिया,Yes,
186,age > 6 && age <= 216,10.Severe Anaemia,Deficiencies,Tongue: smooth or beefy tongue,Yes,जीभ: चिकनी या मांसल जीभ,Yes,
187,age > 6 && age <= 216,10.Severe Anaemia,Deficiencies,Spleen and liver: enlarged or big,Yes,प्लीहा और यकृत: बढ़े हुए या बड़े,Yes,
188,age > 6 && age <= 216,10.Severe Anaemia,Deficiencies,Cardiac Murmurs,Yes,कार्डिएक मर्मर्स,Yes,1.jpeg
189,age > 0 && age <= 216,"12.Vitamin D Deficiency, (Rickets)",Deficiencies,Widening of the wrist and ankle bones,Yes,कलाई और टखने की हड्डियों का चौड़ीकरण,Yes,1.jpeg
190,age > 0 && age <= 216,"12.Vitamin D Deficiency, (Rickets)",Deficiencies,Nodular swelling,Yes,गांठदार सूजन,Yes,1.jpeg
191,age > 0 && age <= 216,"12.Vitamin D Deficiency, (Rickets)",Deficiencies,Dental deformities,Yes,दंत विकृति,Yes,1.jpeg
192,age > 0 && age <= 216,"12.Vitamin D Deficiency, (Rickets)",Deficiencies,Bent legs (Bow legs),Yes,तुला पैर (बो लेग),Yes,1.jpeg
193,age > 0 && age <= 216,"12.Vitamin D Deficiency, (Rickets)",Deficiencies,Hunched posture,Yes,कूबड़ वाला आसन,Yes,1.jpeg
194,age > 0 && age <= 216,"12.Vitamin D Deficiency, (Rickets)",Deficiencies,Chest and rib deformities (nodules or bumps) at the end of ribs (rachitic rosary) and/ or chest beads.,Yes,पसलियों (rachitic माला) और / या छाती के मोतियों के अंत में छाती और रिब विकृति (गांठ या धक्कों)।,Yes,1.jpeg
195,age > 0 && age <= 216,"12.Vitamin D Deficiency, (Rickets)",Deficiencies,Does the child feel pain in legs during walking?,Yes,क्या चलने के दौरान बच्चे को पैरों में दर्द महसूस होता है?,Yes,
196,age > 0 && age <= 216,"12.Vitamin D Deficiency, (Rickets)",Deficiencies,Does the child complain of tiredness (especially during daytime)?,Yes,क्या बच्चा थकावट की शिकायत करता है (विशेषकर दिन के समय)?,Yes,
197,age > 120 && age <= 216,31.Growing up concerns,Adolescent,Do you always find it difficult to handle things in your life that has resulted from changes occurring in your body?,Yes,क्या आपको हमेशा अपने जीवन में उन चीजों को संभालना मुश्किल है जो आपके शरीर में होने वाले परिवर्तनों के कारण हुई हैं?,Yes,
198,age > 120 && age <= 216,32.Substance abuse,Adolescent,"Are you able to say ""NO"" and leave the place when your friends pressurize you to smoke or drink with them?",No,"क्या आप ""NO"" कहने में सक्षम हैं और उस जगह को छोड़ देते हैं जब आपके दोस्त आपको धूम्रपान करने या उनके साथ पीने के लिए दबाव डालते हैं?",Yes,
199,age >= 192 && age <= 216 && gender == ‘female’,34.Delay in menstruation cycles,Adolescent,Have your menstrual cycles started yet?,No,क्या आपके मासिक धर्म अभी भी शुरू हो गए हैं?,Yes,
200,age > 120 && age <= 216,35.Irregular periods,Adolescent,Do you have your periods every months (i.e.28 ± 7 days)?,No,क्या आपके पास हर महीने (i..28 have 7 दिन) पीरियड हैं?,Yes,
201,age > 120 && age <= 216,36.Pain or burning sensation while urinating,Adolescent,Do you experience any pain or burning sensation while urinating?,Yes,क्या आपको पेशाब करते समय कोई दर्द या जलन का अनुभव होता है?,Yes,
202,age > 120 && age <= 216,37.Discharge/ foul smelling discharge from the genitor-urinary area,Adolescent,Do you have any discharge/ foul smelling discharge from the genitor-urinary area?,Yes,क्या आपके पास जेनरेटर-यूरिनरी एरिया से कोई डिस्चार्ज / फाउल स्मेलिंग डिस्चार्ज है?,Yes,
203,age > 120 && age <= 216,38.Pain during menstruation,Adolescent,Do you feel extreme pain during menstruation so much so that it stops you from doing routine activities/ attend schools?,Yes,क्या आप मासिक धर्म के दौरान अत्यधिक दर्द महसूस करते हैं ताकि यह आपको नियमित गतिविधियों / स्कूलों में जाने से रोक सके?,Yes,
204,age > 0 && age <= 216,13(A).SAM ,Deficiencies,"Visible severe wasting of the muscles of the shoulders, arms, buttocks and legs (child looks like skin and bones, many folds of skin on the buttocks and thigh i.e. baggy pants appearance).",Yes,,Yes,
205,age > 6 && age <= 60,13(A).SAM ,Deficiencies,"Use your thumb and press gently for a few seconds on the top side of each foot. The child has oedema, if a dent remains in the child’s foot when you lift/ remove your thumb.",Yes,,Yes,1.jpeg
206,age > 120 && age <= 216,33.Feel depressed,Adolescent,About how often did you feel tired out for no good reason?,Yes,,Yes,
207,age > 120 && age <= 216,33.Feel depressed,Adolescent,About how often did you feel nervous?,Yes,,Yes,
208,age > 120 && age <= 216,33.Feel depressed,Adolescent,About how often did you feel so nervous that nothing could calm you down?,Yes,,Yes,
209,age > 120 && age <= 216,33.Feel depressed,Adolescent,About how often did you feel hopeless?,Yes,,Yes,
210,age > 120 && age <= 216,33.Feel depressed,Adolescent,About how often did you feel restless or fidgety?,Yes,,Yes,
211,age > 120 && age <= 216,33.Feel depressed,Adolescent,About how often did you feel so restless you could not sit still?,Yes,,Yes,
212,age > 120 && age <= 216,33.Feel depressed,Adolescent,About how often did you feel depressed?,Yes,,Yes,
213,age > 120 && age <= 216,33.Feel depressed,Adolescent,About how often did you feel that everything was an effort?,Yes,,Yes,
214,age > 120 && age <= 216,33.Feel depressed,Adolescent,About how often did you feel so sad that nothing could cheer you up?,Yes,,Yes,
215,age > 120 && age <= 216,33.Feel depressed,Adolescent,About how often did you feel worthless?,Yes,,Yes,
216,age == 0,6.Congenital cataract,Defects at Birth,पुतली सफेद?,Yes,,Yes,"1.png,2.png"
217,age == 0,3.Cleft Lip & Palate ,Defects at Birth,होंठ अथवा तालु कटे हुए?,Yes,,Yes,"1.png,2.png,3.png,4.png,5.png,6.png"
218,age == 0,1.Neural tube defect,Defects at Birth,पीठ में फोड़ा अथवा रिसाव?,Yes,,Yes,"1.png,2.png,3.png"
219,age == 0,8.Congenital heart diseases,Defects at Birth,नीला पड़ रहा है?,Yes,,Yes,"1.jpeg,2.jpg"
220,age == 0,4. Talipes (club foot) ,Defects at Birth,"पैर का असामान्य आकार, पैर के सामने की ओर मोड़ना",Yes,"पैर का असामान्य आकार, पैर के सामने की ओर मोड़ना",Yes,"1.png,2.png,3.png"
